table_2_multidimensional_poverty_index_changes_over_time_based_on_harmonized_estimates,unnamed_1,unnamed_2,unnamed_3,unnamed_4,unnamed_5,unnamed_6,unnamed_7,unnamed_8,unnamed_10,unnamed_11,unnamed_12,unnamed_13,unnamed_14,unnamed_15,unnamed_16,unnamed_17,unnamed_18,unnamed_19,unnamed_20,unnamed_21,unnamed_22,unnamed_23,unnamed_24,unnamed_25,unnamed_26,unnamed_27,unnamed_28,unnamed_29,unnamed_30,unnamed_31
,,,,,,Population in mulitidmensional poverty,,,,a,People who are multidimensionally poor and deprived in each indicator,,,,,,,,,,,,,,,,,,,
,,,,,,Headcount,,,,,,,,,,,,,,,,,,,,,,,,
,,Multidimensional Poverty Index,a,,,,,(thousands),Intensity of deprivation,,,,,,,,,,,,,,,,,,,,,
Country,,Year and survey,b,Value,,(%),,In survey year,(%),,Nutrition,,Child Mortality,,Years of schooling,,School attendance,,Cooking fuel,,Sanitation,,Drinking water,,Electricity,,Housing,,Assets,
Afghanistan,"d,f",2015/2016 D,,0.234239609100283,,46.93584855784794,,16287.0263671875,49.90633306897293,,,,8.10460154254712,,29.30816878643401,,34.98796058420542,,,,41.32429825196232,,26.6,,22.91069567305097,,45.63489202763545,,13.5853988360024,
Afghanistan,"d,f",2022/2023 M,,0.268,,52.177907473390185,,21630.2265625,51.42603598153431,,,,8.4,c,37.46425078870577,,43.79366343929849,,,,37.85413361124151,,26.6,c,13.0268606751353,,50.65033773120706,,29.08227189067074,
Albania,,2008/2009 D,,0.0078036683926114,,2.06269312659819,,61.0862350463867,37.83242544411473,,1.28062793738249,,0.26989720111757,,0.37126763112493,,1.0345250808781201,,1.84891604223035,,0.99049566099479,,0.7559390698163699,,0,,1.3195031087170799,,0.2627956734267,
Albania,,2017/2018 D,,0.0027298534678841,,0.69868923748504,,20.2216796875,39.1,c,0.45833108077254,,0.00242003494772,,0.5,c,0.39043250216715,,0.27959882345547,,0.14388693344144,,0.20461265869193998,,0,c,0.13365115517141002,,0.04933910705856,
Algeria,,2012/2013 M,,0.0080941828596531,,2.1049672034949602,,808.605712890625,38.45277421051518,,1.19105832352367,,0.35334235739812997,,1.45539351400721,,0.88958293721817,,0.1529482349731,,0.833581907041,,0.58188007132418,,0.33877519331398,,0.75975068197254,,0.23446166230465998,
Algeria,,2018/2019 M,,0.0054090931224494,,1.38083493006436,,597.8262329101562,39.2,c,0.78593005603601,,0.22711809833872998,,0.96104808585799,,0.63900268486719,,0.1,c,0.6,c,0.4,c,0.1654057732489,,0.44245002649195997,,0.13261279150804,
Armenia,,2010 D,,0.0014206932237347,,0.39585710264127005,,11.602880477905273,35.889042138070494,,0.35732010198488,,0.14066751853745002,,0.008793911203650001,,0.2463759445303,,0.028416484419779998,,0.1510092623798,,0.09729956392505999,,0,,0,,0.02105006322831,
Armenia,,2015/2016 D,,0.0006040731708453,,0.16836919680984,,4.91434764862061,35.9,c,0.11520013093044999,,0,,0,c,0.1,c,0.1,c,0.2,c,0,c,0,c,0,c,0,c
Bangladesh,,2014 D,,0.1746908992321566,,37.56210507901661,,59334.953125,46.50721754403069,,16.41761136221903,,2.26985649504323,,25.283444210468293,,9.507756577408891,,35.85744132009139,,28.22647428851854,,4.0942309539890305,,23.847007081353087,,35.75404440808373,,26.228414630270503,
Bangladesh,,2019 M,,0.1018261473856608,,24.20621587972994,,39919.2109375,42.06611553478256,,8.66698781082821,,1.29062420204034,,16.65731064609931,,6.742946373639,,22.93425629904389,,15.37691064258229,,1.41459216060506,,4.57772238089505,,22.931964100416398,,15.97801261274262,
Belize,,2011 M,,0.0302628190616136,,7.35975068917544,,24.088315963745117,41.11935354837964,,4.5775897590494,,2.59687663317579,,1.8623481831575002,,3.4692223505014197,,4.48246841775888,,1.94963336988545,,0.7842089296767799,,2.79548046182451,,4.42406357691129,,2.51910877717407,
Belize,,2015/2016 M,,0.0199021615890313,,4.94681879681124,,18.041296005249023,40.2,c,3.5,c,1.69387070357979,,0.66868224445522,,1.65755607987417,,3.2448833224219404,,2.3,c,0.7,c,2.6,c,3.02536232866037,,1.2570755915217,
Benin,,2006 D,,0.4297643171977915,,73.42998701718224,,6383.4462890625,58.52708609320996,,39.34349899260198,,13.05848882311032,,53.639854220918636,,40.276616215477354,,72.89908865233356,,71.21126332931945,,38.90322503359843,,65.81066233595067,,57.0456800169932,,28.75047683115617,
Benin,,2014 M,,0.3420844610531341,,63.167333759787816,,6967.35888671875,54.15527942876452,,31.84820409702956,,11.63795801896176,,42.54594410885925,,28.882697132465363,,62.6811650353068,,61.373794346251756,,32.21503724632405,,54.152591138996655,,44.29810139958862,,16.28693065694102,
Benin,,2017/2018 D,,0.3617478647085561,,65.96370398281843,,8168.5146484375,54.8,c,33.6,c,10.316218035458471,,44.3,c,35.3393284601959,,65.504361142786,,63.7,c,36.56541646876111,,54.6,c,42.5,c,17.5,c
Benin,,2021/2022 M,,0.2895098005186794,,55.92332799756519,,7694.7705078125,51.7690579021485,,26.060463292399287,,6.82273226628715,,38.57642774031707,,28.75733856302345,,54.396754668931905,,52.21230211302517,,24.80080991086604,,34.94408116645051,,33.768797479641485,,20.34401000838971,
Bolivia,,2003 D,,0.1666496137551491,,33.89544047210253,,3067.774658203125,49.16579086567978,,16.9669771125605,,4.20875317223812,,15.91007773935727,,12.95764188140909,,27.054225314204672,,33.23200378925002,,15.42755899775033,,22.34417263194339,,32.71386376803685,,19.06713054124329,
Bolivia,,2008 D,,0.0952693918039613,,20.61617074808092,,2030.86962890625,46.21100250289188,,10.22639952045577,,2.67380293782762,,11.557170286164501,,3.40672679875602,,17.89029806358197,,20.14733517566009,,8.23830386541474,,13.23180498064292,,17.0208241046507,,11.36404042748326,
Bolivia,,2016 N,,0.0379805456896178,,9.10274849047182,,1017.6890258789062,41.724261336423254,,3.74281993128108,,0.51367707272123,,5.76133582621899,,1.41968786096045,,7.1506244817007,,8.7021241602108,,3.0625440415055003,,3.79400629500153,,7.50961940300425,,3.8335017863101903,
Bosnia and Herzegovina,e,2006 M,,0.01536537796395,,3.9496687433106805,,160.48577880859375,38.90295354508751,,3.25412019392072,,,,0.7750063084352901,,0.40495747366482,,2.52117353578548,,0.61940714524845,,0.2549326976416,,0.08391903171468,,0.7167099949711699,,0.39692541992153996,
Bosnia and Herzegovina,e,2011/2012 M,,0.0083074962435723,,2.1901334941735398,,80.38038635253906,37.9,c,1.9854476505677903,,,,0.20065272851005003,,0.1590612145752,,1.4750969188415402,,0.26175203114097,,0.038357608028359996,,0.1,c,0.04973027022472999,,0.08562306899057999,
Burkina Faso,,2010 D,,0.5122023889977398,,83.68689806976644,,13537.609375,61.20460918156356,,47.318554614205574,,17.01102654872652,,68.38367811521638,,52.32118962028844,,83.13088731602892,,76.14684663968411,,41.12186967803768,,81.33091632758581,,71.49043513986625,,13.639998399014669,
Burkina Faso,,2021 D,,0.3428919647288923,,64.4746155426333,,14181.3486328125,53.18247528008258,,34.16342565652172,,6.20648237640187,,32.479187013414986,,48.24243141692128,,62.71881925434196,,47.502822417581655,,41.6,c,60.82377282228795,,37.42295018536675,,3.85761666455652,
Burundi,,2010 D,,0.4637924114682906,,82.29553196142557,,7716.39501953125,56.35693705530505,,53.27196195968178,,8.71704285228042,,50.497760494189095,,28.01025933517469,,82.14991304590013,,56.54474270217765,,53.65112897470211,,81.42648640598475,,78.79673291423582,,60.76626267552585,
Burundi,,2016/2017 D,,0.4088610942404933,,75.09747264803728,,8641.287109375,54.44405514906221,,50.59637543362325,,7.9,c,42.572804935846534,,24.04256737860008,,74.85427685334143,,45.71016917677717,,42.78008839638352,,73.5146600426616,,70.60277987563191,,53.26279787022056,
Cambodia,,2010 D,,0.2254138774120737,,47.11806465942812,,6832.46142578125,47.84022413513312,,28.701915478792937,,3.11494270433324,,26.288152840628733,,10.40678219206595,,46.57692002178423,,42.11038911556611,,25.22516074229856,,42.61902196349174,,29.12161556915654,,14.556492281771142,
Cambodia,,2014 D,,0.1683373103481145,,36.721128462160166,,5653.8681640625,45.84208530562458,,20.174386310725158,,1.8294491042226297,,21.456640119642202,,10.7,c,35.77624386381552,,30.331692672904133,,20.023502153504392,,26.09618760427224,,21.71390310146762,,6.546122620064899,
Cambodia,,2021/2022 D,,0.0703679147927832,,16.64469696411416,,2863.1748046875,42.27647697311396,,8.58363790733903,,0.5093468083990199,,10.47847906084686,,9.8,c,12.07543606292482,,8.6318650782992,,5.03761116603863,,4.58290018046882,,4.59524754181044,,3.7140029475973098,
Cameroon,,2011 D,,0.2581188118036197,,47.6,,9639.177734375,54.17825542479149,,27.961646637224952,,11.291219998645829,,24.20638955945032,,18.11389425490187,,46.859131137455265,,36.29041221879961,,33.3300963628909,,38.810736876705434,,40.43641471156593,,24.16761858820477,
Cameroon,,2014 M,,0.24,c,45.4,c,10015.6552734375,52.8,c,24.36637540116692,,9.749512888902089,,23.4,c,15.325609465665572,,44.7,c,40.30740886607536,,28.7701004770722,,36.9,c,39,c,22.8,c
Cameroon,,2018 D,,0.229,c,43.2,c,10725.619140625,53.1,c,25.2,c,8.4,c,19.289630198879028,,19.41084996440443,,42.6,c,33.29485582905394,,26.7,c,34.6,c,36.8,c,22.1,c
Central African Republic,,2010 M,,0.453762397767655,,78.80605155561528,,3540.75244140625,57.579638721960855,,37.22068978734377,,40.243811987422504,,38.747546155512595,,27.512453515713307,,78.57925326148292,,67.15291133375972,,53.59675577583689,,75.55380649547575,,72.56162640676284,,38.15445837009731,
Central African Republic,,2018/2019 M,,0.5118203558695626,,84.12289492404527,,4159.6279296875,60.84198081053756,,44.41140357842863,,36.738831592767966,,46.307280332204655,,30.766453995230307,,83.64840778355588,,78.42083548139915,,62.71658882033044,,77.5,c,78.22314117046567,,66.11826670718821,
Chad,,2010 M,,0.5950734147326341,,89.7833632720998,,11054.6435546875,66.27880634513426,,47.13292280681474,,44.57147059870005,,64.83474789274754,,46.38641867467109,,88.90101931330047,,83.6003005284144,,64.4303656435536,,87.40950063888671,,87.44197406610579,,50.57230640920473,
Chad,,2014/2015 D,,0.5780731021759746,,89.4,c,13089.6416015625,64.68775697014941,,46,c,40.09891441202529,,57.67589682398528,,52.52512290561365,,88.3,c,85.3,c,61.2,c,85.10803718668434,,86,c,45.823983714059494,
Chad,,2019 M,,0.5537846541492177,,87.11664226145889,,14535.6064453125,63.56818166696221,,44.8,c,32.58974967239475,,58,c,55.662948509898094,,84.62876825467312,,79.79054586348025,,48.15374469119945,,83.4,c,82.78594689614064,,44.9,c
China,h,2010 N,,0.0409387649857119,,9.47352877388308,,128040.5703125,43.213849836581666,,6.325415000033489,,0.8434820462974,,5.77618362718422,,1.31367497769686,,8.467861537917381,,4.35269498043423,,7.17611175097044,,0.31095082393075,,,,5.453639257265079,
China,h,2014 N,,0.0175327265646745,,4.2097576568243,,58429.4140625,41.6,c,3.3550111756423204,,0.58746179298809,,2.24138749799252,,1.4,c,3.0867347691381,,1.00938449812221,,2.0650436253716298,,0,c,,,1.16204661892316,
Colombia,d,2010 D,,0.0240766189356819,,5.95334420789988,,2665.748046875,40.44217517900791,,,,0.90532099334977,,4.83359942382021,,1.09453272542346,,4.53142376175919,,4.17925256822722,,3.55903071301555,,1.49704640581101,,4.469561328463819,,1.8852768991018998,
Colombia,d,2015/2016 D,,0.0196595349635455,,4.84673934140109,,2299.172607421875,40.6,c,,,0.70736031042389,,3.85419742544081,,0.8059344977207,,3.7009288442387502,,3.5065237862759204,,3.3,c,1.4,c,4,c,1.24273681763569,
Comoros,,2012 D,,0.1707246001111339,,34.624078966834084,,236.0079345703125,49.30805532030716,,18.57638360818287,,3.4151479368683,,18.94529022492382,,14.3191241280337,,33.225461746301086,,28.13293824245927,,12.1207764063245,,21.69196488227075,,23.686520345010482,,22.678780883501908,
Comoros,,2022 M,,0.0848162025597889,,19.36045058338277,,161.50254821777344,43.80900237548571,,9.32036407800651,,2.1486539663379,,9.41073512725737,,8.13233924065742,,16.809243579497803,,11.96460851339609,,3.3710009890769403,,7.471911927813429,,14.75686924759618,,11.2592531133922,
Congo,,2005 D,,0.2582505502970371,,53.75067287362438,,1986.8360595703125,48.04601254094466,,26.46369381775348,,10.33788490771671,,10.38274419192901,,15.50446880198137,,52.59350073721637,,52.78728534789452,,38.67139097285251,,45.70144669306394,,42.64502518322659,,44.38596644201727,
Congo,,2014/2015 M,,0.1136719071005534,,24.68575034525974,,1258.3759765625,46.04758028851293,,12.582382996758271,,3.14148534087027,,9.7,c,3.8453131833511995,,24.026432152314968,,23.37679307857592,,15.17012477920069,,20.52233451765683,,19.62210736793938,,14.060003022974549,
"Congo, Democratic Republic of the",,2007 D,,0.4283702869381149,,76.71549106061892,,47930.11328125,55.83882485997859,,43.84945974538636,,14.198675448271981,,21.95253900234063,,41.22423595173111,,76.53785314845098,,65.43942976524491,,62.71563116270277,,72.99531450759699,,70.77541702744428,,58.928140433570576,
"Congo, Democratic Republic of the",,2013/2014 D,,0.3751540758009525,,71.92885916606073,,56394.55859375,52.15626664324563,,44.1,c,11.739432985091499,,18.460217116190318,,24.506169381978328,,71.71752045460626,,60.6,c,58.6,c,68.9,c,67.4,c,51.58999074196835,
"Congo, Democratic Republic of the",,2017/2018 M,,0.3296531720319419,,64.17354210190337,,57786.76171875,51.4,c,38.62708960346969,,7.14642775703407,,16.4,c,23,c,63.47233492059255,,59.4,c,50.570871603773725,,57.52580311770673,,58.18695246416491,,48.6,c
Cote d'Ivoire,,2011/2012 D,,0.3096297003752849,,58.76070354628031,,13789.419921875,52.693327630330124,,30.284088876243644,,11.20264622684374,,37.45986821716529,,32.80625983295059,,56.72287373973817,,53.99790845043607,,27.07201937943251,,37.61867258361892,,30.80444392196331,,15.858953140466511,
Cote d'Ivoire,,2016 M,,0.2282859083037614,,45.12440150184202,,11727.5634765625,50.59034595604389,,19.078672601928158,,7.271672500122819,,31.542710723378597,,23.35843930383433,,42.6510889126427,,39.581242351789506,,22.56142523144428,,28.6127065378952,,23.80437639080856,,9.94931013422056,
Cote d'Ivoire,,2021 D,,0.2102151008803955,,42.8,c,12677.9189453125,49.14623818426539,,21.38269549181721,,5.4412619164077105,,28.849680539421453,,24.2,c,37.63755886469536,,35.45364249812079,,15.77050830551434,,21.59915802316618,,18.504038605188068,,9.7,c
Dominican Republic,d,2007 D,,0.0298178973849629,,7.267962526794141,,687.2337036132812,41.02648751288409,,,,1.5875648962334,,5.2871161425144,,2.19428785400861,,3.6798631798073203,,3.8983934733279697,,1.5266484800792801,,1.7121689414437602,,6.6191891643552605,,4.26635068692969,
Dominican Republic,d,2014 M,,0.0142368269983446,,3.6859621386027803,,380.2264404296875,38.624452620507185,,,,1.4,c,2.30411502999143,,0.60461524267579,,1.9409936665306797,,1.94521614856022,,0.53770437849032,,1.0444013283827098,,1.6410854442801202,,1.53250030521833,
Dominican Republic,d,2019 M,,0.0108792434291359,,2.81118449774108,,306.25164794921875,38.7,c,,,1.2,c,1.6375413411525,,0.6,c,1.1901329795870002,,1.3848104066639,,0.28467239055799,,0.43645548064915995,,1.5,c,1.0998183848463299,
Ecuador,,2013/2014 N,,0.0186560805824483,,4.65894059317377,,747.06689453125,40.04361122308142,,2.9889479417311198,,1.51286605525221,,1.63320903457965,,0.9592887743396301,,1.80530010516022,,2.85412765242119,,2.31472196432418,,0.72824988955458,,2.39705215403513,,2.19855786518978,
Ecuador,,2018 N,,0.0112867631714733,,2.95973133470042,,504.6207580566406,38.134417942416945,,2.0793748045790696,,1.15508901416548,,0.76948990404819,,0.68700822483139,,1.13058767735101,,1.1676922702739199,,0.9378596736566001,,0.52525986495351,,1.1472955751248202,,1.33459280441195,
Egypt,f,2008 D,,0.0319777678740994,,7.98124668552558,,6853.08056640625,40.066131437953004,,5.76680001699795,,0.99466479713942,,4.39648432064061,,5.302331262402269,,,,1.6267812540197097,,0.48064412225781994,,0.20863976372929002,,2.7503802623234397,,1.74950541585704,
Egypt,f,2014 D,,0.0183819612406224,,4.89177278226531,,4770.88037109375,37.57729980277207,,3.53326616037404,,0.8,c,2.8158729417453903,,3.1251530542406396,,,,0.65628902437269,,0.3,c,0.049361118307079996,,0.68905424459381,,0.19948947391883998,
Eswatini,f,2006/2007 D,,0.1843198000671341,,38.71243586894108,,422.23846435546875,47.61255548246541,,20.741578360599362,,6.854775638537141,,9.99002412830885,,16.02518762772423,,,,35.56336557178315,,27.17343520843581,,36.58525832177318,,20.95333721829978,,22.175389392388702,
Eswatini,f,2010 M,,0.100046719697612,,22.29631752396658,,247.8570098876953,44.871409635277445,,13.29788909069341,,4.475040885047,,7.41798152725151,,2.9333054380353802,,,,16.31478846738225,,15.9841025377217,,20.89246635840874,,13.86591041769333,,12.702269412589228,
Eswatini,f,2014 M,,0.0626561331823501,,14.51261741216986,,164.90672302246094,43.17355815485663,,8.645575846697751,,2.61345675379003,,4.86252154782864,,1.44746487617272,,,,10.94720510407819,,9.971860167271739,,12.63432977078794,,8.03140289944646,,8.47685427068401,
Eswatini,f,2021/2022 M,,0.0329716609433141,,7.9847024799794,,97.32685852050781,41.293537268277966,,5.0748690430278405,,1.09749422215691,,2.3516261017590403,,3.26039126044401,,,,4.86631201271152,,3.73451965925726,,4.9224540298926,,2.69143477083972,,3.78181937378464,
Ethiopia,,2011 D,,0.4913623623294923,,83.46291200733216,,77745.6796875,58.871940903083576,,34.91421510924441,,7.22550927544283,,57.19391060082436,,39.87285426767671,,83.1302720964492,,78.54324270659073,,70.14276977354768,,77.0223737899582,,83.12487110411523,,74.86925496239827,
Ethiopia,,2016 D,,0.4361839522741098,,77.42768436725737,,82629.3984375,56.33436616871927,,30.134667453891478,,5.63391320376442,,52.24438251447383,,33.37086760875053,,76.75838179557608,,74.71704108902858,,58.35579973202422,,70.71519578255382,,77.02895954763623,,63.40424380353288,
Ethiopia,,2019 D,,0.3667264280769861,,68.77339535270099,,79596.53125,53.32387999694467,,26.874572859720807,,3.9957368271700697,,38.21601834502507,,31,c,68.29309408449393,,64.81952144704225,,46.835839682113715,,57.31479772704293,,67.56961556682168,,55.004730464139314,
Gabon,,2012 D,,0.067995654612855,,15.24636947410493,,281.5835876464844,44.597931808186644,,9.87526800028135,,3.73734438998189,,5.66259581143497,,3.13704758698874,,9.42211020158315,,14.273952568728241,,9.05387975109645,,7.1127569676427695,,9.13258479790265,,6.16012665006694,
Gabon,,2019/2021 D,,0.0348407787067384,,8.2121763053848,,195.18060302734375,42.425755866801104,,5.09453439364511,,1.84601994267193,,2.38513023728428,,2.7,c,4.45488139636627,,6.85303780884356,,4.60477488998811,,3.2544439543285204,,4.0396949464428396,,3.4430818943720203,
Gambia,,2013 D,,0.2810456988191593,,54.65025703976231,,1149.7427978515625,51.42623549138601,,35.43657037234019,,9.82612132517721,,21.88872555761058,,37.77199246303068,,54.37217545438025,,39.06820478396187,,15.44366214878825,,46.67476726339785,,28.46533665581069,,7.087882413448621,
Gambia,,2018 M,,0.2036376379674207,,41.59676394982542,,998.1692504882812,48.955163486527745,,26.40551627879042,,9.6,c,16.0469306961774,,26.276703006243192,,41.3550782980434,,29.622465916380957,,13.6,c,26.609929410058168,,16.78648079782397,,3.50094612286284,
Gambia,,2019/2020 D,,0.1796849589559592,,38.1,c,957.8094482421875,47.19513618648521,,23.5,c,8.9,c,12.313591037397579,,25.1,c,37.8,c,27,c,9.71345551530975,,24.7,c,11.58470516684801,,3.2,c
Ghana,,2008 D,,0.1803048153100547,,37.45916949896727,,9083.828125,48.13369269039068,,16.908645759213158,,4.4552310584005,,19.91434373739628,,12.641101370959932,,37.19625513484139,,36.18601921989899,,16.58249309208346,,27.89584318596456,,25.0129431049799,,19.91714804225878,
Ghana,,2011 M,,0.1526021183773479,,31.854815045681978,,8312.5419921875,47.9,c,14.802918056449728,,4.9,c,16.858141822868262,,8.73714926189084,,31.53285437209013,,30.42710580885145,,19.1,c,23.623356485925783,,20.95387773558327,,12.990798498485601,
Ghana,,2014 D,,0.1297349420686136,,28.415446858598457,,7968.14404296875,45.65648490914231,,12.585961443068799,,3.09385174981039,,14.9,,10.2,c,27.96163788202876,,26.9729161817578,,14.37574227791368,,15.50373620782397,,16.728202506262193,,9.81065623601737,
Ghana,,2017/2018 M,,0.1113660485401535,,24.67987880588702,,7561.31884765625,45.1,c,12.4,c,3.4,c,12.464356333813791,,7.89158603960384,,24.49811026739169,,22.81401086884453,,12.3,c,10.847592080615499,,13.643373509196621,,7.95880793150936,
Ghana,,2022 D,,0.0968398068879741,,21.27746403175301,,7053.298828125,45.5,c,9.45272162998353,,2.19340122665256,,11.4,c,7.9,c,20.95799737416932,,20.5,c,11.5,c,9.7,c,12.7,c,6.250493114469401,
Guinea,,2012 D,,0.4209183986422195,,71.23178601004801,,7779.63671875,59.09137229590796,,34.27266021578263,,13.82417238467887,,50.542290067668446,,47.02223821500425,,71.15174166376012,,62.95359782081872,,41.37656003404997,,64.65414142228651,,50.878266519620354,,29.654727445715977,
Guinea,,2016 M,,0.3359318566589728,,61.88584495942746,,7471.49658203125,54.28250303105834,,29.00701810310669,,8.60195758711017,,39.72708266559151,,38.35169284094537,,61.68374602120616,,51.02558058288543,,35.48211450249409,,53.16712366994789,,33.47948438531661,,22.776039233772092,
Guinea,,2018 D,,0.3635914910624256,,65,c,8251.955078125,55.978829608278744,,31.70627031766563,,11.9501611902833,,45.90909651101391,,39.6,c,64.6,c,54.78599135587958,,36.5,c,48.364654581171166,,38.760812507675254,,24,c
Guinea-Bissau,,2014 M,,0.3630347681599769,,66.04798700207859,,1149.976318359375,54.9653039612777,,35.262248292066275,,12.54670608898093,,39.69379624456721,,32.194336968069706,,65.31731957835098,,64.03156359229688,,27.48217469056893,,60.61650164948323,,63.75046129621117,,13.173299099691091,
Guinea-Bissau,,2018/2019 M,,0.34,c,64.4,c,1267.1236572265625,52.905006653270526,,32.2,c,6.9351320971296095,,40.8,c,30.7,c,64.2,c,61.2,c,33.98644629558582,,45.44493596255531,,63.5,c,12.8,c
Guyana,,2009 D,,0.0227249361888226,,5.42559194414444,,40.80554962158203,41.88471308342402,,3.51535175542746,,0.71695243750766,,1.52836988840243,,1.2516645999262501,,3.12054506001,,2.61303244716937,,2.28362243399384,,4.56321566759156,,3.54221316866301,,3.7452403186415304,
Guyana,,2014 M,,0.0143266914660261,,3.44329950862967,,25.97036361694336,41.6,c,2.08152745955584,,0.6,c,0.57847541383032,,1.1,c,2.2,c,2,c,1.6,c,2.77180458087426,,2.2,c,1.88577905504051,
Guyana,,2019/2020 M,,0.0071647093309802,,1.82361493488328,,14.725353240966797,39.28849887072674,,1.1164160490278,,0.18857817102538,,0.5,c,0.42761815091704997,,0.9451450407123099,,0.72967581502817,,0.64228089735285,,1.0635652813802698,,1.47664697094591,,1.23504212714223,
Haiti,,2012 D,,0.2369230010341045,,48.418690507576315,,4875.65087890625,48.93213726980739,,19.31154513925159,,4.7766620608639805,,32.638518879518806,,6.16160247512354,,48.035672573015034,,43.12074982677676,,36.24509853160392,,42.54109684758396,,34.534587698663735,,33.31921071924498,
Haiti,,2016/2017 D,,0.1920249580170143,,39.91047365603225,,4317.4169921875,48.1,c,15.563238525911169,,3.8340722894760897,,22.82569736450276,,6.5,c,39.66612150233842,,35.11620260615742,,28.599995772173344,,35.74192247235259,,29.032531002410927,,31.4,c
Honduras,g,2005/2006 D,,0.1859443078882543,,36.6567865421683,,2806.74853515625,50.72575242632151,,15.67457630804658,,1.9896634326477598,,18.59380285738151,,24.30294445035939,,34.09278538339123,,25.706036870066928,,12.890953713016179,,,,32.859910763710445,,21.964307481013932,
Honduras,g,2011/2012 D,,0.107662529207116,,22.82655954128973,,1989.3521728515625,47.16546486664846,,9.577317155131,,1.00980708315444,,10.61354492102461,,13.63861720637812,,21.72782920932289,,16.23390834053999,,7.3591706421984995,,,,20.851672290544148,,8.222997413792509,
Honduras,g,2019 M,,0.0486890271848002,,10.84034352090392,,1077.924072265625,44.91465338797705,,4.90705283590592,,0.58624456855552,,5.62508767925062,,5.49063099487604,,10.2262109313928,,5.92503946738702,,1.8521513922671402,,,,8.12744985856694,,5.38014893109236,
India,,2005/2006 D,,0.2826800876010325,,55.07424298112422,,645954.1875,51.32709453635458,,44.28229265364486,,4.51835647725854,,23.99814141359861,,19.76468872765673,,52.859604599144674,,50.369467240233604,,16.43762450984612,,29.04158576101758,,44.87785100614807,,37.54758674873488,
India,,2015/2016 D,,0.1216789273466916,,27.67806303253501,,371977.75,43.96222640423227,,21.05159847790795,,2.22466774228289,,11.622282917717,,5.5216775521689705,,25.98623133465537,,24.4283655637317,,5.67037612677412,,8.630579812532039,,23.54024313577207,,9.50559318023295,
India,,2019/2021 D,,0.0688105643495505,,16.39280600909704,,231827.703125,41.976074328802945,,11.79906270401618,,1.47815727752491,,7.72452808375023,,3.9059804156962197,,13.89919809220431,,11.2862021820441,,2.66442566767012,,2.07714949855827,,13.60663527279299,,5.60221967290416,
Indonesia,d,2012 D,,0.0276751752961537,,6.8729391581185295,,17367.81640625,40.26687078040392,,,,1.9575919068329999,,2.94195438620035,,2.06521060116544,,5.63318867589339,,5.0606107916245096,,4.05996698592636,,1.7770588092025401,,2.95103676609752,,3.56640710121671,
Indonesia,d,2017 D,,0.0139039084334274,,3.5949275490940797,,9610.9189453125,38.676463554686016,,,,1.46028816759455,,1.54192155759703,,0.68421942407819,,2.3712790268272,,2.1593811918284698,,1.27084559453052,,0.7695551430647,,1.3000412710812301,,1.7157810022360502,
Iraq,,2011 M,,0.0524350835947156,,13.26700337548505,,4266.85693359375,39.52292926344308,,9.14068835574367,,2.52917562230507,,6.61446760518168,,9.63081149446553,,0.88981944745108,,1.88568626557543,,2.01108461168416,,0.6984309450233,,4.70636597749697,,0.44633399014601005,
Iraq,,2018 M,,0.0326943223812881,,8.63541898801165,,3477.10546875,37.86072502871815,,5.0409138346074895,,1.44668517935152,,5.491267304201839,,6.459830880477881,,0.1626060621391,,1.41038039535226,,0.41282264677765,,0.05053433430504001,,1.3234978508344901,,0.17384740097994,
Jamaica,e,2010 N,,0.021445508221974,,5.3086563380269,,145.91200256347656,40.39724340103873,,3.16772952016695,,,,0.55522128247329,,1.33708696957029,,2.35157957776909,,3.7348007685821605,,2.69373210241994,,1.6507076090265398,,2.3863240387247497,,1.10146882588787,
Jamaica,e,2014 N,,0.018,c,4.7,c,130.94033813476562,38.7,c,2.3,c,,,0.7,c,1.2,c,2.5,c,3.4,c,1.8,c,1.6,c,2.9,c,1.1,c
Jordan,,2012 D,,0.0017664279477005,,0.52264726810922,,39.65391540527344,33.79770746895631,,0.24241532565200002,,0.28779871271983,,0.20693268021321,,0.29828020104468,,0.000392728492687,,0.00107586327386,,0.02930180806464,,0.0034311625633400003,,0.00643645402538,,0.03265153055108,
Jordan,,2017/2018 D,,0.002,c,0.4,c,45.11380386352539,35.34639107266695,,0.2,c,0.2,c,0.2,c,0.2,c,0.00940349363076,,0.03920153034232,,0.1,c,0,c,0.10763930302363998,,0,c
Kazakhstan,,2010/2011 M,,0.0032208383209367,,0.88962741005707,,151.82383728027344,36.204351220811034,,0.5955539493612,,0.7071530466565801,,0.04081273491751,,0.10613788814156,,0.41977974012519004,,0.04815187094012,,0.389849457538,,0.00951519084538,,0.4677471451748,,0.11349271582991999,
Kazakhstan,,2015 M,,0.0016413949363369,,0.4622065792076,,83.58621978759766,35.5,c,0.5,c,0.4,c,0,c,0,c,0.0393171538882,,0,,0.06046163980525,,0,c,0.10179047635862999,,0.01106917759084,
Kenya,,2008/2009 D,,0.2367452384136922,,50.104159753626575,,20246.53515625,47.25061543349331,,32.26641779422727,,5.2828043240465,,11.90509749162173,,8.38165967137849,,49.72745084658319,,44.45073123201585,,36.77752013912606,,48.839939687871095,,44.443432885504755,,28.39441650949397,
Kenya,,2014 D,,0.1619068726466124,,35.38774896855933,,16296.568359375,45.75223837788058,,19.64156561371671,,3.36974935549197,,9.77838193111842,,5.23646360222124,,34.82396062179945,,31.45907137576168,,25.81088974184728,,33.92836639013111,,31.96085813806847,,19.37074298848063,
Kenya,,2022 D,,0.1029967592600175,,23.02673303958134,,12492.5693359375,44.72921064528488,,12.41209822686314,,1.8035866123847,,5.71495289694515,,4.9,c,22.54935803223919,,19.17081822304868,,16.08373976567734,,20.027100012468498,,20.168827088976,,12.912190703607651,
Kyrgyzstan,,2005/2006 M,,0.035682204426793,,9.39436234997818,,496.2527160644531,37.98257199103654,,4.401395496862371,,6.0960561128629,,0.033473982388620004,,1.74779044010735,,8.14263890933547,,2.02290394387694,,4.44719518077294,,0.16170975422137,,8.02707929911414,,4.5902927842137204,
Kyrgyzstan,,2014 M,,0.0124309551546401,,3.34861323243891,,197.51190185546875,37.1,c,2.42026152494554,,1.87976264926021,,0.2,c,0.5233927404226301,,2.21861365727425,,0.06708365947148,,1.99064822418717,,0.1,c,2.82141101675306,,0.06440192698885999,
Kyrgyzstan,,2018 M,,0.0040273226550088,,1.0920519271290599,,69.2550048828125,36.9,c,0.97421420095045,,0.90267555921218,,0,c,0.2,c,0.43840940225769004,,0.1,c,0.29938306491449,,0,c,0.06218379675807,,0,c
Lao PDR,,2011/2012 M,,0.2095536592498448,,40.24112026089511,,2623.309814453125,52.07450933056693,,21.1995812179965,,5.43174851373786,,30.941661246164298,,16.640852669239433,,40.21616514786928,,31.72797354738141,,18.52869577738566,,21.75097948446691,,26.668135235072672,,15.66310651596343,
Lao PDR,,2017 M,,0.1083332502467847,,23.072345770947912,,1619.2510986328125,46.95372170748026,,12.04305600458752,,1.9260174736500602,,16.64896152012037,,9.13470530216639,,22.899825950711012,,17.18819676590038,,10.44488282077952,,6.06761251595586,,12.0245818873268,,7.11652960188135,
Lesotho,f,2009 D,,0.1949866062210704,,42.1709706647299,,835.3576049804688,46.23716342013187,,19.05675777830557,,4.01176868100036,,15.034764873564349,,10.85419293594722,,,,37.996893861752525,,25.688942561133132,,41.296294125560465,,34.4855831965709,,30.618484914435566,
Lesotho,f,2014 D,,0.1276094643550502,,28.347243342387056,,589.6478881835938,45.01653399370877,,12.47462695578677,,3.07739424924965,,11.55171458921167,,5.311543963339839,,,,20.402656452820338,,17.032746244535222,,27.96186992777828,,24.47517420064568,,20.50355031275494,
Lesotho,f,2018 M,,0.0843591908637081,,19.604541730345982,,428.0853576660156,43.03043244980731,,9.58466948085547,,1.48447339683664,,5.51968744075116,,3.6592910842177298,,,,14.80390309182994,,11.61851554625605,,18.36415961180835,,15.89295448667007,,15.238950052297481,
Liberia,,2007 D,,0.4630768337628332,,81.44774235909628,,2988.35791015625,56.85569916980215,,41.421472028337504,,10.82936460118384,,35.850280120184706,,56.735642726962986,,81.25776602561496,,77.06531960314214,,33.96657716295872,,80.60628272344749,,61.618024574909924,,64.51405225259171,
Liberia,,2013 D,,0.3259975151769866,,63.5241224406194,,2839.6796875,51.318696371086446,,32.33776086506628,,8.393529534966069,,30.543625075203302,,23.56420578678034,,63.4299429930964,,59.470731749226736,,31.1,c,61.660297124992816,,48.602061242152075,,38.00218461690653,
Liberia,,2019/2020 D,,0.2592937311100507,,52.32307452422735,,2694.357666015625,49.55628725333963,,24.62715964215529,,6.05625792933654,,25.57473706493579,,18.89393528098938,,51.809472065055616,,46.83737372639383,,22.80859078415006,,47.83600303733818,,36.5729383071316,,35.4,c
Madagascar,,2008/2009 D,,0.4327705186655895,,75.73937495297221,,16319.7744140625,57.13943624888687,,33.23941306362416,,6.22532508217495,,59.01056137054903,,26.376301316178353,,75.69202644833236,,75.34069077134885,,56.042746954055744,,72.49047512082124,,68.90668236722416,,55.959509438302305,
Madagascar,,2018 M,,0.379068704780074,,68.63130122549991,,18870.125,55.23262680603693,,28.131969342667652,,5.22183630577055,,49.35859920011189,,26.8,c,68.45894846059626,,67.80178089020022,,52.6,c,54.84943105344547,,61.27165156451384,,48.836490092082066,
Madagascar,,2021 D,,0.364,c,65.70927586133793,,19509.794921875,55.4,c,25.98903702747148,,5.5,c,47.7,c,25.3,c,65.52927018509455,,62.13086585784391,,51.3,c,56.6,c,57.21421647430673,,48.3,c
Malawi,,2010 D,,0.3303246474262055,,66.75418371962137,,9897.2841796875,49.48373705139199,,30.162594327189467,,7.83563925821571,,33.15502739357959,,15.638837628074539,,66.74626511290259,,63.03656768959436,,40.22115752439052,,64.63941390952992,,59.7843098974861,,39.78035541176795,
Malawi,,2015/2016 D,,0.2435909612245465,,52.575759248622845,,9231.1142578125,46.33142054547258,,25.910286579748558,,4.5970593615467905,,26.34008451623781,,7.346898582892281,,52.53382678288211,,28.90827136644012,,30.54984060615853,,51.641442549938766,,48.263861224516106,,33.98350055273699,
Malawi,,2019/2020 M,,0.2312647991981619,,49.9250970007948,,9752.3125,46.3,c,22.16009008720928,,3.64018802625896,,27.6,c,7.8,c,49.729101467585615,,32.212741069751935,,22.28232632673197,,46.75476626690613,,44.9252073138233,,36.78553326565772,
Mali,,2006 D,,0.501303773494839,,83.72555942317105,,11713.322265625,59.874640067929306,,42.996066577232675,,19.36471870977881,,68.60234244324485,,53.981047768387,,83.47009261000483,,44.987582355060866,,44.78326782462942,,76.96189171522315,,71.18329492119656,,26.12813636827076,
Mali,,2015 M,,0.4195097918069611,,73.99452891237335,,13757.8193359375,56.694704050857304,,44.2,c,17.08380144458529,,39.288465070912494,,56.5,c,73.6898789147478,,55.97959374820528,,34.30242827329281,,52.569766278047815,,61.67523389000821,,5.74313221867792,
Mali,,2018 D,,0.3613645810996384,,66.43956310474366,,13581.5947265625,54.38996950204776,,29.925103637677857,,11.73233742158405,,45.78538788753165,,45.92572562835994,,65.86300472912548,,50.83340955792169,,33.4,c,43.15501394785058,,48.81403638545214,,8.247796178119241,
Mauritania,,2011 M,,0.3556429402338519,,62.661787693438754,,2194.92431640625,56.75595180491327,,30.66227063527331,,8.33813244451108,,43.140041115828495,,41.81474507012274,,50.49740463074283,,52.690394084549574,,39.604145014533046,,51.493664193503875,,51.14338062766587,,22.86273607243776,
Mauritania,,2015 M,,0.3072564863169368,,56.185806314161844,,2228.3056640625,54.685783914698696,,27.840580299613933,,5.0053796007676805,,42,c,30.32500971181678,,47,c,46.21891163128634,,31.25851378484817,,48.1,c,47.9,c,17.09792613946111,
Mauritania,,2019/2021 D,,0.321,c,57.4,c,2718.148681640625,55.9,c,27.6,c,5.3,c,40.1,c,42.18109055570214,,47.3,c,41.81190540830115,,30,c,46.9,c,46.2,c,19.989607203250408,
Mexico,e,2012 N,,0.0252732992623592,,6.01396656817235,,7025.408203125,42.02434279583926,,3.74095276286054,,,,1.9749207550225598,,1.10648440880596,,3.47485894978954,,3.02016244017695,,1.37688926819693,,0.44585337541856995,,3.46772288160871,,2.0165196883962198,
Mexico,e,2016 N,,0.0209135487310485,,5.3,c,6421.41748046875,39.81534437036808,,3.5,c,,,1.6,c,0.66262549108836,,2.64690154805379,,2.0743912687519304,,0.7373196275426499,,0.14934869411796,,2.71423627453093,,1.2885201520538,
Mexico,e,2020 N,,0.0161975355497302,,4.13675694093226,,5245.36865234375,39.2,c,3.4,c,,,0.55210769228775,,0.6,c,1.8,c,0.9519283288200101,,0.22717236540766,,0.0551767349898,,1.7398806948195198,,0.9,c
Mexico,e,2021 N,,0.016,c,4.1,c,5202.94287109375,40.5,c,3.2,c,,,0.6,c,0.7,c,1.9,c,1.3,c,0.52526342753295,,0.2,c,2.1,c,0.6,c
Mexico,e,2022 N,,0.02,c,5,c,6433.6953125,39.8,c,3.7,c,,,0.6,c,1,c,2.4,c,1.7,c,1,c,0.3,c,2.4,c,1,c
Moldova,,2005 D,,0.0055009573328608,,1.50400841584766,,59.98991012573242,36.575309518866476,,0.30103520143947,,0.09772397888042,,0.94384678833797,,0.35510369132654,,1.24733020363489,,0.94797396830003,,0.5153118026926801,,0.12442847715057001,,0.71885539598699,,1.25469437142626,
Moldova,,2012 M,,0.003307185333118,,0.88073080524519,,30.672563552856445,37.6,c,0.2,c,0,,0.63603003089344,,0.2,c,0.5886247242978401,,0.7,c,0.5,c,0.05053064942466,,0.5,c,0.53108034858772,
Mongolia,,2010 M,,0.081109879119062,,19.593283141331188,,529.3579711914062,41.39677793353797,,6.13194268375481,,9.146756205962529,,4.49669508707174,,1.6074684255673801,,18.74828019015725,,19.4792259917569,,12.6018293056387,,9.71328746944553,,17.39698370895459,,3.90958854121038,
Mongolia,,2013 M,,0.0558023064760896,,13.374105288642399,,381.41351318359375,41.7,c,3.84731814872677,,6.16885602620149,,4.34947453708645,,0.9809215109741201,,12.85213440366495,,13.245954605588208,,8.420644672796849,,7.49827230175991,,11.20206289397331,,1.18537211015853,
Mongolia,,2018 M,,0.0389974904653427,,9.92383515296073,,314.35791015625,39.29679389495701,,2.90974411914738,,4.08326135251194,,2.89673068841682,,1.6290009826568599,,9.46280748222865,,9.64875424298514,,6.432931971066259,,0.9084307532906399,,8.41108230741335,,0.77526465239856,
Montenegro,,2013 M,,0.0016391029679038,,0.3710669222781,,2.349605083465576,44.17270496224227,,0.09301522083484,,0.15914277578603,,0.2,c,0.18849415922658,,0.29890352377559004,,0.16773974461134,,0.04226885869686,,0.1398908147312,,0.17412761920083,,0.08364196858093,
Montenegro,,2018 M,,0.005,c,1.2,c,7.609777927398682,39.6,c,1,c,0.8,c,0.3,c,0.3,c,1.1,c,0.2,c,0,c,0,c,0.3,c,0,c
Morocco,,2011 P,,0.0784595815261708,,17.26182143606383,,5681.31201171875,45.45266663589228,,6.28443983483578,,6.56068239652505,,13.654801884782062,,6.80211664491071,,5.45026376039661,,8.81735187743592,,11.37025465103077,,5.263091836972309,,6.35630655404771,,4.06385578400962,
Morocco,,2017/2018 P,,0.0334365553266834,,7.860996486465139,,2817.3623046875,42.53475419338196,,3.68686097143536,,3.5676790544818697,,5.42637963162152,,3.05215665588086,,1.9314260416031799,,2.4996848868747,,3.7345414914274304,,1.07240770672879,,2.49819083380459,,1.25031968731275,
Mozambique,,2003 D,,0.5125519537535285,,83.856075471408,,16261.7685546875,61.12281678723337,,41.811870446494744,,12.75700135352513,,65.5849124198254,,41.499316467703764,,83.56035567729023,,83.52102240879036,,63.48325770238321,,81.15848679868289,,68.28994146849051,,57.62115063763639,
Mozambique,,2011 D,,0.4004151871122222,,71.15650916348706,,16827.830078125,56.27246077969347,,36.87531807015675,,7.57362381109649,,50.156482534598126,,29.68352541536259,,70.8155457432463,,63.16610665678659,,54.74366940506374,,66.6788511533335,,49.57688900555786,,42.89942534401374,
Mozambique,,2022/2023 D,,0.3301973792132712,,59.85408747357454,,20132.017578125,55.16705594401594,,30.20322450392111,,4.2054659859664,,34.586876119657575,,31.8,c,59.28290100474871,,51.86386432568628,,42.35660319914792,,51.427742274314156,,52.5,c,34.47060232128091,
Namibia,,2006/2007 D,,0.2049531020797424,,42.96104479503704,,867.211669921875,47.70673130915545,,27.219071007779323,,4.64942850015031,,11.60953171873858,,11.83416443466143,,40.5633492120252,,40.023001263145254,,20.02461044376756,,39.37132532495113,,37.661239237980745,,25.335471277481243,
Namibia,,2013 D,,0.1577818403411764,,35.131786556380966,,791.3461303710938,44.91141948843436,,23.18209278548094,,3.7,c,7.36614274353939,,7.719338192033979,,32.99023543889917,,32.32857279059955,,18.7,c,31.644402579384987,,27.48826831538417,,14.78297837093725,
Nepal,,2006 D,,0.2997285476359781,,58.26514397228655,,15478.3828125,51.44217060178244,,32.43131043339414,,4.76206368400806,,38.82883828759963,,15.40831563618772,,57.10498544063625,,51.81025448100204,,16.30714649962526,,40.38785085994646,,56.39672412465777,,43.21284021507067,
Nepal,,2011 D,,0.1855287758514181,,39.15946619752882,,10754.94921875,47.37775916443057,,20.052626854221618,,2.44289021125128,,27.6228820594844,,8.02147754320899,,38.62162131392305,,34.15353824438292,,9.059393303799409,,19.13208558116457,,37.58219481772109,,20.98333326689934,
Nepal,,2014 M,,0.1327168692028437,,30.052358821403402,,8316.2001953125,44.16188093306082,,15.978588216057272,,1.7714724662024401,,19.617048606132858,,6.8,,29.41091626079769,,19.47220639292373,,5.56789273926477,,10.46971297045388,,28.61307143985427,,12.772256284836311,
Nepal,,2016 D,,0.1113863929325496,,25.792919958192,,7210.52978515625,43.2,c,13.9,c,1.8,,17.9,c,4.0931737986734005,,24.967504957641278,,16.3,c,3.4364970501254297,,6.424790566567149,,24.39597001578442,,11.9,c
Nepal,,2019 M,,0.0744342220008884,,17.5129056244363,,4976.1279296875,42.5,c,9.34210997717076,,1.00222160503803,,11.64705390829489,,3.5,c,16.266330296940403,,6.52124735719805,,2.7,c,5.5,c,16.28617926891971,,10.3,c
Nepal,,2022 D,,0.068,c,16.4,c,4869.08447265625,41.3611327796591,,7.47182938013254,,1.1,c,11.6,c,3.1,c,15.4,c,9.42610445121742,,1.23466720624453,,1.94486055388366,,15,c,9.3,c
Nicaragua,,2001 D,,0.2207877817993679,,41.74393069478588,,2123.858154296875,52.89098992945237,,16.25664868997882,,2.81930257927861,,26.779168795176588,,21.10292719454117,,40.71748679713668,,36.736271191507655,,27.91064458049124,,26.43509675477207,,34.182057210450104,,30.56230892739945,
Nicaragua,,2011/2012 D,,0.0744948916699346,,16.46019980455167,,971.363525390625,45.25758651443272,,4.47915930035038,,0.64317590331055,,12.516066099584469,,3.67956619323751,,16.20893687288757,,6.17581541671339,,13.6226409570639,,11.48593760058087,,13.511137869083331,,9.13243380003543,
Niger,,2006 D,,0.668370278240736,,92.9136292119194,,13257.4560546875,71.93457880289044,,64.62692112741307,,26.10594962134072,,81.78391140894017,,65.675684740515,,92.77529680601847,,90.2254139789593,,67.46963463970133,,87.94935228402473,,85.24641389561043,,64.82298853384523,
Niger,,2012 D,,0.5937593171118746,,89.86818949218083,,16029.58203125,66.0700210460494,,57.94119714946832,,18.82975698340855,,74.31362081551507,,57.705780408162255,,89.27349395659853,,83.96194931787716,,59.88668335409494,,82.4524292911915,,80.8552057615557,,45.965943049911616,
Nigeria,d,2013 D,,0.2303776054853801,,42.34179559282299,,76659.5859375,54.40903066577306,,,,12.999456220248279,,25.707295629099704,,25.119093566746496,,40.9984003421128,,30.642414697617898,,28.63664113753882,,32.09358667964859,,35.49186281168413,,16.34087929588072,
Nigeria,d,2018 D,,0.208,c,38.17876555269031,,78243.0859375,54.549233874277824,,,,14.1,c,20.574808659852508,,23.18817119523487,,37.048950883634966,,30,c,20.82373651409657,,27.650076929304788,,29.00983670212396,,14.25156680040211,
Nigeria,d,2016/2017 M,,0.215,c,40.8,c,81748.640625,52.63646261848191,,,,13.2,c,23.07860159466255,,21.0887054275093,,39.7,c,31.7,c,24.090656275611998,,31.5,c,32.34709619917066,,15.7,c
Nigeria,d,2021 M,,0.1748173018373482,,33.044066383865776,,72210.9609375,52.9042944674343,,,,10.21274047484134,,16.65209767405677,,20.61543612709054,,31.824582480889816,,26.44671334668095,,18.20169810093459,,24.85816035270467,,24.69932632886765,,15.561618444532249,
North Macedonia,e,2005/2006 M,,0.0310334435585578,,7.62512132610309,,159.30654907226562,40.69895052334572,,5.7776402109681,,,,1.95283982547537,,2.0177769029865003,,4.16608051267191,,1.9238561341893199,,0.7491497350266499,,0.15127186978248,,1.60701273063948,,0.68513597189364,
North Macedonia,e,2011 M,,0.0083618682024438,,2.2015678199473,,44.921791076660156,38,,1.79077990313757,,,,0.46461692864604,,0.12460749028813,,1.28284258197303,,0.50428646191548,,0.07153414465054,,0,c,0.48430937782153,,0.15780223943909,
North Macedonia,e,2018/2019 M,,0.0051743650824537,,1.3690002802476,,25.978710174560547,37.8,c,1.2,c,,,0.16212669194973,,0.1,c,0.66671847659391,,0.4,c,0,c,0.1,c,0,,0.1,c
Pakistan,,2012/2013 D,,0.2325790799603095,,44.47590589995866,,93877.0625,52.29327548346255,,32.27710236090456,,8.7152799746402,,25.67849849607776,,27.48544939312455,,38.16727636819565,,29.41622523025696,,9.05923920499127,,6.281176153511909,,35.938806198545194,,17.31063009865338,
Pakistan,,2017/2018 D,,0.1982374079557654,,38.332130605060335,,86986.6796875,51.7,c,26.98092477399704,,5.87106329701935,,24.8,c,24.3,c,31.24147334768451,,21.68702097171963,,7.9,c,7.1,c,30.64372624203572,,12.20316420982382,
"Palestine, State of",,2010 M,,0.0039193953105937,,1.10750062306221,,44.48736572265625,35.389554000942255,,0.8167118206062101,,0.46863384725851004,,0.18171741915382,,0.55173919718415,,0.13048067707923,,0.26888560290059,,0.01296466171318,,0.25542145279286,,0.08335873602736,,0.24739357594544,
"Palestine, State of",,2014 M,,0.003,c,0.8,c,35.40135955810547,35.8,c,0.6,c,0.5,c,0.1,c,0.5,c,0.1,c,0.01518629105719,,0,c,0.01755811220377,,0,c,0.08122345673209999,
"Palestine, State of",,2019/2020 M,,0.002,c,0.5,c,27.726146697998047,34.7,c,0.5,c,0.3,c,0,c,0.3,c,0,c,0.1,c,0,c,0,c,0,c,0.01218388423731,
Peru,,2012 D,,0.052407888145269,,12.58961051136391,,3720.27587890625,41.62788681823276,,5.85980495990341,,0.5400828879155001,,5.588612084862301,,1.8839095345661898,,11.50267331914301,,11.13854155930073,,5.80454832529389,,5.92700481353629,,12.4009941082611,,5.943208134157691,
Peru,,2018 N,,0.0287531610278086,,7.25882802401441,,2315.390625,39.61129941732247,,2.36295027470627,,0.35434549762596,,3.2553580958429,,2.1,c,6.09261854676632,,6.1329649390492,,2.84127806877165,,2.28273984770244,,6.998891979596681,,3.1839361794191596,
Peru,,2019 N,,0.029,c,7.2c,c,2330.3466796875,39.7,c,2.3,c,0.4,c,2.93444206773147,,2.66169123158694,,5.8,c,5.9,c,2.8,c,2.1,c,6.8,c,3.1,c
Peru,,2021 N,,0.0249061064689218,,6.379005730245329,,2115.015625,39.0438690951983,,1.82503383312804,,0.3,c,2.44186073560548,,2.6,c,5.4,c,5.5,c,2.32522262463374,,1.6,c,6.07868306099253,,2.52437529319091,
Peru,,2022 N,,0.024,c,6.3,c,2105.947265625,38.9,c,1.9,c,0.3,c,2.3,c,2.5,c,5.3,c,5.2,c,2.3,c,1.7080168210767899,,6,c,2.5,c
Philippines,d,2008 D,,0.0561867283398195,,12.5727874237753,,11654.8603515625,44.68915797746625,,,,2.3749214696602903,,4.67457400119618,,7.00772433627527,,12.04713888601102,,8.80385778543419,,4.321932791901681,,7.682146461436511,,9.99918831833996,,8.98542293812974,
Philippines,d,2013 D,,0.0371957773690441,,8.369168815213381,,8542.9404296875,44.4,c,,,2.2,c,3.7679976822311096,,3.1334534221744,,7.92336145100398,,5.65075285580681,,2.8283253732367,,4.60229607329447,,6.33951578397505,,5.48150229210999,
Philippines,d,2017 D,,0.0240666563576076,,5.75582912474005,,6223.1845703125,41.81266649171861,,,,1.47730129427627,,2.93555337751508,,1.55221622508039,,5.1739294299926,,3.59728298869069,,1.85866567808776,,2.5197781087658297,,4.40089468381235,,3.44231398088191,
Philippines,d,2022 D,,0.0157881155770484,,3.8866590631936004,,4429.4052734375,40.62130307893679,,,,1.16676851562417,,1.66880641444636,,1.4,c,3.3672506444172896,,2.09305321134115,,0.7991290258925801,,1.46559257049979,,2.4850867249708397,,1.92181943589633,
Rwanda,,2010 D,,0.3380051017504899,,66.81189508001742,,6893.35302734375,50.590557466702194,,34.8137095694777,,6.708472787685241,,43.62966222678484,,11.48917677372335,,66.63853562473547,,29.817290215655362,,46.60641396137422,,65.29800882558555,,63.364636567158705,,46.76123388304537,
Rwanda,,2014/2015 D,,0.2817114847753838,,57.516453568060456,,6694.927734375,48.97928632578649,,27.12914080479585,,3.2713568272121303,,36.85328520207444,,10.9,c,57.389660306503046,,29,c,40.41080890346774,,52.43272216869115,,54.1247003705228,,39.37244980047774,
Rwanda,,2019/2020 D,,0.2310019619235062,,48.822401873815316,,6379.0556640625,47.31474754571597,,23.04853648389988,,3.3,c,28.91135248124133,,7.95001605023338,,48.72702822492868,,24.89629555058564,,34.80871411802782,,36.54089564963975,,44.43667514012054,,36.8996447866115,
Sao Tome and Principe,,2008/2009 D,,0.1847954922385889,,40.73287141224612,,72.44483947753906,45.36765659565831,,17.44399722726601,,4.40088852948187,,27.83240130834986,,12.123571606491081,,36.33478896750202,,35.0799620968916,,16.78962919817505,,29.293474599462687,,1.31241154588616,,28.41904360662126,
Sao Tome and Principe,,2014 M,,0.0862937710890692,,20.902936414360042,,41.13008117675781,41.28308548543757,,7.974151050525929,,1.7332340084814502,,15.05191141059228,,3.62601500336276,,14.334994468917639,,18.8629990820083,,8.60032712352992,,15.062761986251038,,0.28405111839069996,,13.02771976226677,
Sao Tome and Principe,,2019 M,,0.0476196542337104,,11.62575188250257,,24.80842399597168,41,c,4.59329277633478,,0.7942640765409299,,7.0626545223658495,,3.4,c,9.21496889850812,,10.86643450699337,,3.29219943541798,,6.968722592613159,,0.3,c,7.39254893345932,
Senegal,,2005 D,,0.3812532720254387,,64.2419270995527,,7217.8837890625,59.34648744808484,,30.152957628960507,,18.96968378354201,,52.08561278001363,,47.39421016114399,,52.7710380445824,,32.36876091357214,,34.86242446810511,,49.19246554765419,,33.80515742387964,,37.44865018673478,
Senegal,,2017 D,,0.2819164611839063,,52.36407778931079,,8103.341796875,53.837759220779134,,28.9,c,8.969752051128669,,32.38111068117196,,44.4,c,49,c,31.8,c,17.790360880046872,,33.145324233256616,,20.987661952797858,,10.50863210696758,
Senegal,,2019 D,,0.26,c,50.3,c,8225.314453125,51.59257426821699,,26.6,c,5.81262980471301,,32.4,c,43.7,c,46.5,c,28.7,c,15.6,c,25.59293138420344,,15.263567836703851,,10,c
Serbia,,2010 M,,0.0007535567072669,,0.17669187338191,,13.067891120910645,42.64806823560537,,0.08302024548183,,0.05231312996555,,0.09456889319956001,,0.06559462314315,,0.17669187338191,,0.06802758788978,,0.04699199479386,,0.04754981500501,,0.06781662877694,,0.06283349786207,
Serbia,,2014 M,,0.001,c,0.3,c,23.1822376251221,42.5,c,0.1,c,0,c,0.25638662042030996,,0.1,c,0.3,c,0.1955613932181,,0,c,0.1,c,0.2,c,0.1,c
Serbia,,2019 M,,0.0004331141474629,,0.11367367319895999,,7.918681621551514,38.10153532250457,,0.02301878979234,,0.1,c,0.05452333736942001,,0,c,0.10029152499954001,,0.030504049408940002,,0,c,0.007462375421240001,,0.04688621010735,,0.01592742497724,
Sierra Leone,,2013 D,,0.4091174861607224,,74.05257014918004,,4971.927734375,55.246898971440004,,38.98768874652188,,15.944797291701422,,37.42227050093394,,32.03094382630468,,73.94735872207897,,69.7009759417509,,45.73463819622017,,71.1909971492409,,57.662504998270656,,45.01789898499016,
Sierra Leone,,2017 M,,0.2967369045098346,,57.92637455320732,,4274.560546875,51.22656247669563,,25.34201115426663,,7.9101909578895695,,33.022668831017945,,18.46615725012018,,57.597539891317716,,54.15936681645096,,33.859422700760874,,54.2177292081834,,43.096068154376624,,36.97321676645784,
Sierra Leone,,2019 D,,0.2724050356540454,,55.21930481866741,,4269.5517578125,49.33148589041206,,24,c,9.43149100651796,,26.88556562023342,,15.130873048000959,,55.098719939048266,,50.75093118474051,,33.9,c,51.8,c,38.37109131100281,,34.08860887245696,
Sudan,,2010 M,,0.3166278162991062,,57.00116057622709,,20186.619140625,55.54760869749009,,28.834145326482208,,7.414558665239079,,31.34896092674067,,29.268034192023578,,50.03109787666492,,50.90576865289135,,40.681576330280386,,48.380477655238465,,56.86973476079895,,32.464316730775124,
Sudan,,2014 M,,0.2794395886310584,,52.32804165094029,,20315.482421875,53.401499428373356,,29.8,c,5.5605460246492004,,27.0060646933951,,21.869765046085192,,43.82375555734262,,46.06387675352154,,35.80952811438095,,42.607295878744225,,51.85931379699944,,30.3,c
Suriname,e,2006 M,,0.0588995209968136,,12.735947893375721,,66.86334228515625,46.24667240311863,,7.257078540919901,,,,6.9915165942570106,,2.21010492939407,,6.01907728537748,,7.51740856782056,,5.29173768752708,,4.28275671899385,,5.14535205266862,,6.6154696653764695,
Suriname,e,2010 M,,0.0410901413496901,,9.50167737301028,,52.25191116333008,43.24514476402608,,5.62106722949178,,,,4.9,c,1.5,c,4,c,5.4,c,2.6004817369920796,,2.37337933366934,,3.2,c,3.31644598434591,
Suriname,e,2018 M,,0.0257355689157923,,6.6656822568180205,,39.96159744262695,38.60905444370467,,4.9,c,,,1.83427780533192,,1.0198744132742399,,1.22763836293187,,2.19987782250132,,0.49205876231712004,,0.9698859577132001,,1.44114905439511,,1.76855077466475,
Tajikistan,,2012 D,,0.0492981564912028,,12.193799749068571,,977.2213745117188,40.428871644352235,,10.46142953258168,,2.7508814547737104,,0.35562044661972003,,6.2807611396312,,7.94165222018693,,1.26210002963422,,7.505669374622009,,0.54784095021936,,10.26333527673771,,1.67000611191062,
Tajikistan,,2017 D,,0.0288749251558552,,7.4053069139896,,672.8421630859375,38.99220584808803,,6.18169231161558,,2.1,c,0.1,c,4.48265963534039,,3.42244691930875,,0.31799388182245003,,3.5491038253437397,,0.1,c,5.639273820673281,,0.3114735735145,
Tanzania,,2004/2005 D,,0.3885118096129461,,73.61111599443797,,28842.36328125,52.77895931401202,,43.07470435397555,,10.88415189369259,,21.30486286452854,,26.69791738191844,,73.4374039694959,,72.977312021283,,57.47025203948134,,72.47432706568146,,66.93283041352862,,50.14422231110176,
Tanzania,,2010 D,,0.3394436839043847,,67.25024659396419,,30100.193359375,50.47471215292914,,40.8,c,7.58621286630988,,14.69535342698941,,25.1,c,67.03143764375197,,63.54547800890295,,54.6,c,65.58964335118556,,59.37972927760548,,36.32079896439068,
Tanzania,,2015/2016 D,,0.2837750010667196,,57.011223108414065,,30685.728515625,49.8,c,32.47904183567062,,5.872214330921359,,12.270929452916441,,25.7,c,56.82244083106881,,53.56398134177953,,42.89625578620097,,55.113481980228315,,47.3630396994404,,26.142464821835592,
Tanzania,,2022 D,,0.2103079688009212,,44.9066320310161,,29059.8984375,46.832273828878066,,25.406561074429803,,3.0222561506491297,,10.129901435621209,,19.842392467145,,44.517237277473896,,26.604615740761687,,28.909183988077302,,41.8,,37.34300237082759,,24.2,c
Thailand,,2012 M,,0.0048130968452523,,1.3088027429556301,,908.7815551757812,36.7748071369645,,0.72213112659659,,0.34593122011501,,1.00387438605638,,0.18609289821809,,0.76084910423768,,0.18646407121479,,0.21830779103521,,0.09149962569048001,,0.29073417808505997,,0.34163065822991,
Thailand,,2015/2016 M,,0.004,c,0.9306029365265599,,659.4237670898438,39.82053903602011,,0.5,c,0.3,c,0.70848799027723,,0.40820743078851995,,0.35098063831989,,0.2,c,0.06432145790538,,0.1,c,0.2,c,0.1341057871929,
Thailand,,2019 M,,0.0021336169407251,,0.58104115453001,,415.5738220214844,36.72058208081458,,0.3,c,0.1489960973142,,0.40653900000347,,0.17019068089295,,0.3,c,0.08123308334642,,0,c,0.029822702743889998,,0.10372164287975,,0.1,c
Thailand,,2022 M,,0.002,c,0.5,c,352.2220153808594,37,c,0.3,c,0.1,c,0.3,c,0.3,c,0.2,c,0.1,c,0,c,0.02638715615702,,0.1,c,0.1,c
Timor-Leste,,2009/2010 D,,0.3617266512132281,,69.60968220702824,,755.0419311523438,51.96499103923588,,49.65264715934567,,5.70431303834658,,21.52507489351373,,30.14482579214743,,69.26677580669912,,49.28435526418941,,40.76115681865107,,54.82973243080199,,61.44365200548495,,54.4417172076162,
Timor-Leste,,2016 D,,0.2151432110141636,,46.88844415916659,,575.9361572265625,45.88405840122197,,33.21508177869075,,3.5519852231619997,,15.856053000912901,,14.81081107910112,,45.61411883041917,,31.67925015959939,,18.61772306457262,,19.19999339723859,,40.70202960231682,,29.14287152555769,
Togo,,2013/2014 D,,0.301,c,55.1,c,4119.43115234375,54.5,c,25.1,c,29.7,c,26.60924935317747,,15.7,c,54.9,c,53.4,c,36.6,c,46.77040202857078,,37.6,c,20.56155553311722,
Togo,,2010 M,,0.3206806865753632,,58.24103805761977,,3921.13037109375,55.06094967917697,,24.41099623296145,,29.55656714840998,,32.43841208133753,,15.26055505519372,,58.08741170574423,,56.51460619694381,,40.086089017605595,,52.349583968385026,,37.78098308265563,,27.406970310331957,
Togo,,2017 M,,0.2132205191970755,,42.954289517834546,,3460.886962890625,49.638935154205434,,18.30578383259092,,17.66228352003052,,19.25377623750099,,11.34671360735441,,42.478323861855735,,40.74365197904081,,24.73040539572178,,33.027265208477104,,27.655097177636613,,15.45651933938578,
Trinidad and Tobago,d,2011 M,,0.0178857891113723,,4.95645833173095,,69.14175415039062,36.08582563252579,,,,4.790454329443429,,0.2695463553996,,0.16345999699377,,0.0101762331406,,0.58486048985267,,0.07233234102373,,0.32899801435121,,0.99216206209422,,0.16414622616795,
Trinidad and Tobago,d,2022 M,,0.0077728721129935,,2.12382988462027,,31.770828247070312,36.6,c,,,2.0072151299361503,,0.0865982218053,,0.3,c,0,c,0.18213301210814,,0,c,0.1197065710081,,0.33041791755322,,0.2,c
Tunisia,,2011/2012 M,,0.0052685040995175,,1.33054651884748,,146.48846435546875,39.596541908817116,,0.63578783435482,,0.19149114186825,,1.06763729435063,,0.51789285639817,,0.23598687792382003,,0.65154703420562,,0.61525629699638,,0.17205534669094,,0.11015536950521,,0.45987907289067,
Tunisia,,2018 M,,0.0028773532440503,,0.78994964287275,,92.94164276123047,36.42451477775791,,0.37009826761086,,0.05867815361630001,,0.7,c,0.4,c,0,c,0.23410965229167,,0.21030307896761002,,0.030996902302279996,,0.1,c,0.13749292693122,
Tunisia,,2023 M,,0.003,,1,c,119.27488708496094,35.2,c,0.5,c,0.1,c,0.8,c,0.5,c,0,c,0.2,c,0.1,c,0,c,0.1,c,0.1,c
Turkmenistan,f,2006 M,,0.0122972105227264,,3.2532261505060798,,167.4469757080078,37.80004817929236,,2.10947292093415,,2.63474125968408,,0.0114204814156,,1.26556847158393,,,,0.40971478127329,,1.05222349967796,,0,,1.10566289773158,,0.8252067713576099,
Turkmenistan,f,2015/2016 M,,0.0037215098755215,,1.0671511611114501,,67.87125396728516,34.87331515101838,,0.92252903052848,,1.02866149269759,,0,c,0.21873338481650997,,,,0.1,c,0.02471467744011,,0,c,0.035621585819679995,,0,
Turkmenistan,f,2019 M,,0.003,c,0.9,c,63.54637145996094,33.6,c,0.9,c,0.9,c,0,c,0.2,c,,,0,c,0,c,0,c,0,c,0,c
Uganda,,2011 D,,0.3490645670328214,,67.72519499602487,,22589.4296875,51.5413159095828,,42.22176563125865,,9.72078286615009,,29.30882761161278,,15.162979594878632,,67.3165651576761,,60.28102792923063,,51.390134902295955,,66.3572520900876,,61.85826696939098,,31.869906498368422,
Uganda,,2016 D,,0.2810623271801988,,57.180850352411795,,22185.685546875,49.15322620212554,,35.08903265865846,,5.34946341228684,,22.56058352204763,,13.8,c,56.85431653568133,,50.3850283656776,,41.90772384146967,,50.22813496753275,,49.7013498374106,,26.39209392996728,
Ukraine,d,2007 D,,0.0012953852019824,,0.35543338930359,,167.2769012451172,36.44523111687759,,,,0.27957611635074,,0.06608565012627,,0.04516176927492,,0.12982935009652,,0.05259967468915,,0.02440805587444,,0.00977162282658,,0.05032475181941,,0.05356095195413,
Ukraine,d,2012 M,,0.001,c,0.2,c,108.43418884277344,34.45443914463893,,,,0.15249610082973,,0.1,c,0.1,c,0.05693361282596,,0,c,0,c,0,c,0.01462739272189,,0.02109446682618,
Viet Nam,d,2013/2014 M,,0.0193570092316046,,4.9269226919225,,4516.98193359375,39.28823414124137,,,,0.8828506277904901,,3.5978832084204404,,1.37852313346011,,4.488387569958681,,4.09157821029075,,1.33042387337922,,0.44809120425102,,3.086306423577,,1.17150654303294,
Viet Nam,d,2020/2021 M,,0.007729394853574,,1.9191205225535701,,1898.683837890625,40.3,c,,,0.5300336785177501,,1.2921381520970399,,0.59726201784592,,1.46023458213434,,1.3066637154402398,,0.45774942547611,,0.09876043202137999,,1.17657668332869,,0.56452331709218,
Yemen,h,2013 D,,0.1925756069519854,,38.1146601931609,,11172.5322265625,50.525337488523704,,26.131021085963713,,4.3552603208186,,16.27948133823999,,24.67449843617752,,24.64880872995759,,29.720019648735967,,21.47142870889887,,18.60893468594057,,,,15.81356570135073,
Yemen,h,2022/2023 M,,0.188,c,37.4,c,14749.8642578125,50.2,c,27.8,c,4.3,c,13.150723050981231,,22.52274138244902,,31.87544468605421,,24.30070001043186,,21.3,c,11.970010597521249,,,,23.2587419736718,
Zambia,,2007 D,,0.3433270652857839,,65.16911002627411,,8188.55419921875,52.682484868577376,,36.57095901047255,,9.32742666050658,,18.68714697519899,,30.71001053787759,,64.084302399403,,58.268444874169,,51.37958394842471,,63.0398601164157,,55.56201061261184,,39.76788601089926,
Zambia,,2013/2014 D,,0.2626565115990759,,53.29579643622163,,8471.53515625,49.282781975759285,,31.265350148065952,,6.3591612961408694,,13.71077646671211,,21.8289565950195,,52.987636573175855,,44.97335185541501,,35.38980516439747,,50.58191635550734,,44.1753868242022,,25.180890587577448,
Zambia,,2018 D,,0.2316850733623361,,47.90613054487378,,8610.44140625,48.36230159422208,,25.70209971234454,,4.17853837204387,,12.00431220415963,,22.8,c,47.6269777407457,,37.71918343849123,,28.6023881207515,,44.48075758116865,,40.235754500491424,,24.3,c
Zimbabwe,,2010/2011 D,,0.1564414561942662,,36.094195066416404,,4907.15869140625,43.342552980167746,,18.84709118733895,,4.19284298659072,,4.4469531824953705,,8.1320899691257,,35.470194932286745,,29.57877145653861,,23.6516779685255,,34.28570433660702,,26.77293590400396,,24.97840457490579,
Zimbabwe,,2015 D,,0.1300269344256375,,30.208413297123982,,4349.71337890625,43,c,16.6788100442159,,3.7,c,4.1,c,5.90609657943737,,29.744043098986662,,24.52449287912403,,21.7,c,29.42707616926827,,20.88209559834505,,16.45324276538789,
Zimbabwe,,2019 M,,0.1099417854663903,,25.80003834890267,,3940.0185546875,42.6,c,12.3328340206656,,3.2,c,3.5,c,7.8520334012971995,,25.17323834384213,,21.39766613516082,,19.8,c,19.35088220382879,,16.35132603514197,,15,c
Notes,,,,,,,,,,,,,,,,,,,,,,,,,,,,,,
"Suggested citation: Alkire, S., Kanagaratnam, U., and Suppa, N. (2024). A methodological note on the global Multidimensional Poverty Index (MPI) 2024 changes over time results for 86 countries. 
OPHI MPI Methodological Note 60, Oxford Poverty and Human Development Initiative. 2018 University of Oxford
This methodological note details the harmonization principles and decisions. More extensive data tables, including disaggregated information, are available at https://ophi.org.uk/global-mpi.",,,,,,,,,,,,,,,,,,,,,,,,,,,,,,
"a When an indicator is missing, weights of available indicators are adjusted to 100 percent. See OPHI Methodological Note 60 at https://ophi.org.uk/publications/MN-60 for details.",,,,,,,,,,,,,,,,,,,,,,,,,,,,,,
"b D indicates data from Demographic and Health Surveys, M indicates data from Multiple Indicator Cluster Surveys, N indicates data from national surveys and P indicates data from Pan Arab Population and Family Health Surveys.",,,,,,,,,,,,,,,,,,,,,,,,,,,,,,
c The difference between harmonized estimates for this survey year and for the previous survey year is not statistically significant at the 95 percent confidence interval.,,,,,,,,,,,,,,,,,,,,,,,,,,,,,,
d Missing indicator on nutrition.,,,,,,,,,,,,,,,,,,,,,,,,,,,,,,
e Missing indicator on child mortality.,,,,,,,,,,,,,,,,,,,,,,,,,,,,,,
f Missing indicator on cooking fuel.,,,,,,,,,,,,,,,,,,,,,,,,,,,,,,
g Missing indicator on electricity.,,,,,,,,,,,,,,,,,,,,,,,,,,,,,,
h Missing indicator on housing.,,,,,,,,,,,,,,,,,,,,,,,,,,,,,,
Definitions,,,,,,,,,,,,,,,,,,,,,,,,,,,,,,
Multidimensional Poverty Index (MPI): Proportion of the population that is multidimensionally poor adjusted by the intensity of the deprivations.,,,,,,,,,,,,,,,,,,,,,,,,,,,,,,
Multidimensional poverty headcount: Population with a deprivation score of at least 33.3 percent. It is expressed as a share of the population in the survey year and the number of poor people in the survey year.,,,,,,,,,,,,,,,,,,,,,,,,,,,,,,
Intensity of deprivation of multidimensional poverty: Average deprivation score experienced by people in multidimensional poverty.,,,,,,,,,,,,,,,,,,,,,,,,,,,,,,
People who are multidimensionally poor and deprived in each indicator: Percentage of the population that is multidimensionally poor and deprived in the given indicator (censored headcount ratio).,,,,,,,,,,,,,,,,,,,,,,,,,,,,,,
Main data sources,,,,,,,,,,,,,,,,,,,,,,,,,,,,,,
Column 1: Refers to the year and the survey whose data were used to calculate the countrys MPI value and its components.,,,,,,,,,,,,,,,,,,,,,,,,,,,,,,
"Columns 215: Data and methodology are described in Alkire, S., Kanagaratnam, U., and Suppa, N. (2024). A methodological note on the global Multidimensional Poverty Index (MPI) 2024 changes over time results for 86 countries. 
OPHI MPI Methodological Note 60, Oxford Poverty and Human Development Initiative. 2018 University of Oxford.Column 5 also uses population data from the United Nations Department of Economic and Social Affairs. 2024. World Population Prospects: The 2024 Revision. New York. https://population.un.org/wpp/. Accessed 14 June 2024 (embargo data).",,,,,,,,,,,,,,,,,,,,,,,,,,,,,,
